{
  "name": "fluxorae-website",
  "version": "1.0.0",
  "description": "Fluxorae - Global Corporate Brand Website",
  "scripts": {
    "dev": "next dev",
    "build": "next build",
    "start": "next start -p 3000",
    "lint": "next lint",
    "pm2:start": "pm2 start npm --name 'fluxorae-website' -- start",
    "pm2:stop": "pm2 stop fluxorae-website",
    "pm2:restart": "pm2 restart fluxorae-website",
    "pm2:logs": "pm2 logs fluxorae-website"
  },
  "engines": {
    "node": ">=18.0.0",
    "npm": ">=9.0.0"
  },
  "dependencies": {
    "next": "^14.1.0",
    "react": "^18.2.0",
    "react-dom": "^18.2.0",
    "framer-motion": "^11.0.5",
    "@sanity/client": "^6.10.0",
    "@sanity/image-url": "^1.0.2",
    "next-sanity": "^6.0.0",
    "@portabletext/react": "^3.0.11",
    "nodemailer": "^6.9.9",
    "react-hook-form": "^7.49.3",
    "zod": "^3.22.4",
    "@hookform/resolvers": "^3.3.4",
    "date-fns": "^3.2.0",
    "lucide-react": "^0.344.0"
  },
  "devDependencies": {
    "@types/node": "^20.11.5",
    "@types/react": "^18.2.48",
    "@types/react-dom": "^18.2.18",
    "@types/nodemailer": "^6.4.14",
    "typescript": "^5.3.3",
    "tailwindcss": "^3.4.1",
    "postcss": "^8.4.33",
    "autoprefixer": "^10.4.17",
    "eslint": "^8.56.0",
    "eslint-config-next": "^14.1.0"
  }
}
